<?xml version="1.0" encoding="UTF-8"?>
<package version="2.0" id="{1C32229C-CF09-4474-8215-203BB8B0DDC2}" target="Five">
<metadata>
<name>E.R.O - Euphoria Ragdoll Overhaul</name>
<version>
<major>1</major>
<minor>94</minor>
</version>
<author>
<displayName>MiGGousT</displayName>
</author>
<description><![CDATA[GTA V was the most dissappointing when it came to Euphoria including games. RDR and Max Payne 3 were the best and IV didn't come much behind. What I've done is bring GTA V to the same level or close to what those two games represent of the Euphoria real-time ragdolls. Much work was involved to ensure best reactions GTA V Euphoria can do.]]></description>
</metadata>
<colors>
<headerBackground useBlackTextColor="False">$FF000000</headerBackground>
<iconBackground>$FF000000</iconBackground>
</colors>
<content>
<archive path="update\update.rpf" createIfNotExist="True" type="RPF7">
<add source="behavioursfile\behaviours.xml">\common\data\naturalmotion\behaviours.xml</add>
<add source="physicstaskfile\physicstasks.ymt">\x64\data\tune\physicstasks.ymt</add>
</archive>
<archive path="x64a.rpf" createIfNotExist="True" type="RPF7">
<add source="physicstaskfile\physicstasks.ymt">\data\tune\physicstasks.ymt</add>
</archive>
<archive path="common.rpf" createIfNotExist="True" type="RPF7">
<add source="behavioursfile\behaviours.xml">\data\naturalmotion\behaviours.xml</add>
</archive>
</content>
</package>
